DATA,Version,Title,Difficulty,Lv,Option#1,Option#2,Option#3,Note,Extra
ON,[7th],A,A,12,,,,,1
ON,[LC],A MINSTREL?~ ver.short-scape ~,A,12,,,,,1
ON,[RED],AA,A,12,,,,,1
ON,[CAN],AA -rebuild-,A,12,,,,,1
ON,[Cast],ABSOLUTE EVIL,A,12,,,,,1
ON,[EPO],ACTØ,A,12,,,,,1
ON,[SPA],Adularia,A,12,,,,,1
ON,[Root],Afterimage d'automne,A,12,,,,,1
ON,[Cast],Aftermath,A,12,,,,,1
ON,[SIR],AIR RAID FROM THA UNDAGROUND,A,12,,,,,1
ON,[HERO],AKASHIC BREAK,A,12,,,,,1
ON,[SPA],ALBA-黎明-,A,12,,,,,1
ON,[SPA],All is Wrecked,A,12,,,,,1
ON,[EMP],ALL MY TURN-このターンに、オレの全てを賭ける-,A,12,,,,,1
ON,[CS],ALL OK!!,A,12,,,,,1
ON,[SIR],Almagest,A,12,,,,,1
ON,[SIR],Almagest(SIRIUS),A,12,,,,,1
ON,[SIR],Almagest(HCN Ver.),A,12,,,,,1
ON,[Cast],ALTERNATOR,A,12,,,,,1
ON,[RESI],Always We Trust In You,A,12,,,,,1
ON,[SINO],Amazing Mirage,A,12,,,,,1
ON,[EPO],Ambivalent Vermilia,A,12,,,,,1
ON,[SPS],Amor∞Fati,A,12,,,,,1
ON,[CAN],ANCHOR,A,12,,,,,1
ON,[SPA],Ancient Scapes,A,12,,,,,1
ON,[SPA],Ancient Scapes,A,12,,,,,1
ON,[Cast],Angel's Ladder,A,12,,,,,1
ON,[DJT],"Anisakis-somatic mutation type ""Forza""-",A,12,,,,,1
ON,[DJT],"Anisakis-somatic mutation type ""Forza""-",A,12,,,,,1
ON,[RESI],anthracene,A,12,,,,,1
ON,[CAN],Antigravity,A,12,,,,,1
ON,[cop],AO-1,A,12,,,,,1
ON,[SINO],Apocalypse,A,12,,,,,1
ON,[Pink],Aqvion,A,12,,,,,1
ON,[EMP],Arabian Rave Night,A,12,,,,,1
ON,[CAN],Arca,A,12,,,,,1
ON,[Cast],Arkadia,A,12,,,,,1
ON,[HERO],Artist,A,12,,,,,1
ON,[BIS],ASIAN VIRTUAL REALITIES(MELTING TOGETHER IN DAZZLING DARKNESS),A,12,,,,,1
ON,[SPS],Astra Blaze,A,12,,,,,1
ON,[RESI],B.O.D.Y.,A,12,,,,,1
ON,[EMP],B4U(BEMANI FOR YOU MIX),A,12,,,,,1
ON,[SINO],BabeL ~Grand Story~,A,12,,,,,1
ON,[RESI],Bad Encryption,A,12,,,,,1
ON,[SIR],Bad Maniacs,A,12,,,,,1
ON,[cop],Battle Train-IIDX Edition-,A,12,,,,,1
ON,[DJT],Be OK,A,12,,,,,1
ON,[RED],Be quiet,A,12,,,,,1
ON,[SINO],Beat Juggling Mix,A,12,,,,,1
ON,[HERO],BEAT PRISONER,A,12,,,,,1
ON,[PEN],Beat Radiance,A,12,,,,,1
ON,[SPS],Begin,A,12,,,,,1
ON,[CS],Beginning of life(THE GROUND PULSE MIX),A,12,,,,,1
ON,[RESI],Beyond Evolution,A,12,,,,,1
ON,[BIS],BIGソムタム,A,12,,,,,1
ON,[RESI],BIGWAVERS,A,12,,,,,1
ON,[Cast],Binary Black Hole,A,12,,,,,1
ON,[CS],Biometrics Warrior,A,12,,,,,1
ON,[SPS],BitRacer,A,12,,,,,1
ON,[EMP],BITTER CHOCOLATE STRIKER,A,12,,,,,1
ON,[BIS],BLACK or WHITE?,A,12,,,,,1
ON,[LC],BLACK.by X-Cross Fade,A,12,,,,,1
ON,[EPO],BLAZING_LAZER,A,12,,,,,1
ON,[RED],BLOCKS,A,12,,,,,1
ON,[SPA],BLUE DRAGON(雷龍RemixIIDX),A,12,,,,,1
ON,[DJT],Blue Rain,A,12,,,,,1
ON,[cop],Blue Spring Express,A,12,,,,,1
ON,[CAN],Boomy and The Boost,A,12,,,,,1
ON,[HERO],Bow shock!!,A,12,,,,,1
ON,[SPA],BRAINSTORM,A,12,,,,,1
ON,[SPA],BRAVE OUT,A,12,,,,,1
ON,[BIS],Breakin' Rules,A,12,,,,,1
ON,[Pink],Bring The Fire,A,12,,,,,1
ON,[SINO],BroGamer,A,12,,,,,1
ON,[RA],Broken,A,12,,,,,1
ON,[PEN],Broken Sword,A,12,,,,,1
ON,[BIS],Burning Flame,A,12,,,,,1
ON,[EPO],CADENZA,A,12,,,,,1
ON,[CS],CALDERA,A,12,,,,,1
ON,[RESI],Caldwell 99,A,12,,,,,1
ON,[GOLD],Candy Galy,A,12,,,,,1
ON,[GOLD],Candy Galy,A,12,,,,,1
ON,[SKY],CaptivAte~浄化~,A,12,,,,,1
ON,[EMP],CaptivAte2~覚醒~,A,12,,,,,1
ON,[Root],Carmina,A,12,,,,,1
ON,[Root],Carry Me Away,A,12,,,,,1
ON,[Root],Catch Our Fire!,A,12,,,,,1
ON,[SINO],Caterpillar,A,12,,,,,1
ON,[cop],chaos eater-IIDX edition-,A,12,,,,,1
ON,[RESI],Chaotoxin,A,12,,,,,1
ON,[SPS],chaplet?-IIDX re:build-,A,12,,,,,1
ON,[CAN],ChaserXX,A,12,,,,,1
ON,[7th],Cheer Train,A,12,,,,,1
ON,[PEN],CHRONO DIVER -NORNIR-,A,12,,,,,1
ON,[PEN],Chrono Diver -PENDULUMs-,A,12,,,,,1
ON,[CS],Chronoxia,A,12,,,,,1
ON,[PEN],cinder,A,12,,,,,1
ON,[SPA],Close the World feat.a☆ru,A,12,,,,,1
ON,[SPA],Close the World feat.a☆ru,A,12,,,,,1
ON,[Root],CODE:Ø,A,12,,,,,1
ON,[cop],CODE:1?[revision1.0.1],A,12,,,,,1
ON,[EPO],CODE:2,A,12,,,,,1
ON,[EMP],Colorful Cookie,A,12,,,,,1
ON,[6th],Colors(radio edit),A,12,,,,,1
ON,[Root],CoMAAAAAAA,A,12,,,,,1
ON,[DD],Concertino in Blue,A,12,,,,,1
ON,[DD],Concertino in Blue(CS DistorteD),A,12,,,,,1
ON,[CS],concon,A,12,,,,,1
ON,[tri],Confiserie,A,12,,,,,1
ON,[DD],CONTRACT,A,12,,,,,1
ON,[DD],CONTRACT,A,12,,,,,1
ON,[PEN],Cosmic Cat,A,12,,,,,1
ON,[BIS],COSMIC RAY,A,12,,,,,1
ON,[Pink],COSMIC V3LOCITY,A,12,,,,,1
ON,[CS],Cosy Catastrophe,A,12,,,,,1
ON,[Pink],Cross Fire,A,12,,,,,1
ON,[RESI],CUE CUE RESCUE,A,12,,,,,1
ON,[EPO],Cult Invitation,A,12,,,,,1
ON,[EPO],Dahlia,A,12,,,,,1
ON,[RA],Dances with Snow Fairies,A,12,,,,,1
ON,[RA],Dances with Snow Fairies,A,12,,,,,1
ON,[HERO],Dans la nuit de l'éternité,A,12,,,,,1
ON,[SPA],DARK LEGACY,A,12,,,,,1
ON,[Root],dAuntl3ss,A,12,,,,,1
ON,[BIS],Dawn Saga,A,12,,,,,1
ON,[tri],DAY DREAM,A,12,,,,,1
ON,[CAN],DEADHEAT,A,12,,,,,1
ON,[CAN],DEATH†ZIGOQ~怒りの高速爆走野郎~,A,12,,,,,1
ON,[CAN],DEATH†ZIGOQ~怒りの高速爆走野郎~,A,12,,,,,1
ON,[EPO],Demon March,A,12,,,,,1
ON,[PEN],Despair of ELFERIA,A,12,,,,,1
ON,[Pink],destination,A,12,,,,,1
ON,[cop],Devil's Gear,A,12,,,,,1
ON,[tri],Devilz Staircase,A,12,,,,,1
ON,[cop],DIAMOND CROSSING,A,12,,,,,1
ON,[LC],DIAVOLO,A,12,,,,,1
ON,[RESI],dica dica,A,12,,,,,1
ON,[SINO],DISAPPEAR feat. koyomin,A,12,,,,,1
ON,[SPS],Disco Killer Music Lover,A,12,,,,,1
ON,[Pink],DIVINE JUDGEMENT,A,12,,,,,1
ON,[DJT],Do it!! Do it!!,A,12,,,,,1
ON,[DJT],Do it!! Do it!!,A,12,,,,,1
ON,[DJT],Do it!! Do it!!(AC DJ TROOPERS),A,12,,,,,1
ON,[SIR],DOMINION,A,12,,,,,1
ON,[Cast],Don't believe the hype,A,12,,,,,1
ON,[SINO],DORNWALD ~Junge~,A,12,,,,,1
ON,[HERO],Double Dribble,A,12,,,,,1
ON,[Root],Dr. Chemical & Killing Machine,A,12,,,,,1
ON,[Root],Drastic Dramatic,A,12,,,,,1
ON,[Pink],Drop Syndicate,A,12,,,,,1
ON,[CAN],DropZ-Line-,A,12,,,,,1
ON,[BIS],DUAL STRIKER,A,12,,,,,1
ON,[DD],DUE TOMORROW,A,12,,,,,1
ON,[4th],DXY!,A,12,,,,,1
ON,[4th],DXY!,A,12,,,,,1
ON,[cop],Dynamite,A,12,,,,,1
ON,[PEN],EBONY & IVORY,A,12,,,,,1
ON,[PEN],EBONY & IVORY,A,12,,,,,1
ON,[SINO],ECHIDNA,A,12,,,,,1
ON,[CAN],Eine Haube?~聖地の果てにあるもの~,A,12,,,,,1
ON,[RA],ELECTRIC MASSIVE DIVER,A,12,,,,,1
ON,[SPA],Elektrick U-Phoria,A,12,,,,,1
ON,[SPA],Elektrick U-Phoria,A,12,,,,,1
ON,[tri],Elemental Creation,A,12,,,,,1
ON,[Root],Ember Lights,A,12,,,,,1
ON,[CAN],EMERALDAS,A,12,,,,,1
ON,[BIS],Empire of Fury,A,12,,,,,1
ON,[CAN],encounter,A,12,,,,,1
ON,[PEN],entelecheia,A,12,,,,,1
ON,[3rd],era(nostalmix),A,12,,,,,1
ON,[3rd],era(nostalmix),A,12,,,,,1
ON,[4th],era(step mix),A,12,,,,,1
ON,[CS],ERaSeR EnGinE DistorteD,A,12,,,,,1
ON,[CS],ErAseRmoToR maXimUM,A,12,,,,,1
ON,[SIR],eRAseRmOToRpHAntOM,A,12,,,,,1
ON,[HERO],EROICA,A,12,,,,,1
ON,[Root],EVANESCENT,A,12,,,,,1
ON,[SIR],Evans,A,12,,,,,1
ON,[HERO],Everlasting Message,A,12,,,,,1
ON,[Pink],EX-MASSIVE FIGHTER,A,12,,,,,1
ON,[SIR],EXUSIA,A,12,,,,,1
ON,[Pink],EYE OF THE HEAVEN,A,12,,,,,1
ON,[LC],F,A,12,,,,,1
ON,[RED],FAKE TIME,A,12,,,,,1
ON,[RED],FAKE TIME,A,12,,,,,1
ON,[PEN],fallen leaves?-IIDX edition-,A,12,,,,,1
ON,[PEN],FANTASTIC THREE,A,12,,,,,1
ON,[GOLD],Fascination MAXX,A,12,,,,,1
ON,[CS],FEEDING FRENZY,A,12,,,,,1
ON,[SPA],Feel The Beat,A,12,,,,,1
ON,[Cast],Fegrix,A,12,,,,,1
ON,[LC],fffff,A,12,,,,,1
ON,[BIS],Fire Beat,A,12,,,,,1
ON,[SPS],fixer,A,12,,,,,1
ON,[SPS],FiZZλ_PØT!OИ,A,12,,,,,1
ON,[Pink],Flämingo,A,12,,,,,1
ON,[PEN],Flashes,A,12,,,,,1
ON,[PEN],Flashes,A,12,,,,,1
ON,[tri],FLOWER,A,12,,,,,1
ON,[Pink],FlyAway,A,12,,,,,1
ON,[Cast],Flying Castle,A,12,,,,,1
ON,[DJT],four pieces of heaven,A,12,,,,,1
ON,[DJT],four pieces of heaven,A,12,,,,,1
ON,[tri],Fractal,A,12,,,,,1
ON,[EPO],frequent,A,12,,,,,1
ON,[HERO],Friction[!]Function,A,12,,,,,1
ON,[SPS],From Human Blood,A,12,,,,,1
ON,[SINO],FUZIN RIZIN,A,12,,,,,1
ON,[6th],G2,A,12,,,,,1
ON,[SIR],G59,A,12,,,,,1
ON,[tri],GAIA,A,12,,,,,1
ON,[SIR],GALGALIM,A,12,,,,,1
ON,[1st],GAMBOL,A,12,,,,,1
ON,[EPO],GAME ON,A,12,,,,,1
ON,[DD],Ganymede,A,12,,,,,1
ON,[DD],Ganymede,A,12,,,,,1
ON,[SKY],garden,A,12,,,,,1
ON,[SKY],garden,A,12,,,,,1
ON,[Root],GENE,A,12,,,,,1
ON,[Root],GENE,A,12,,,,,1
ON,[RED],GENOCIDE,H,12,,,,,1
ON,[RED],GENOCIDE,A,12,,,,,1
ON,[cop],GET READY!!,A,12,,,,,1
ON,[CS],GHEL NAGARAJA,A,12,,,,,1
ON,[EPO],Ghost Pulse,A,12,,,,,1
ON,[10th],GHOST REVIVAL,A,12,,,,,1
ON,[Root],GIGA THRASH,A,12,,,,,1
ON,[RED],gigadelic,A,12,,,,,1
ON,[RED],gigadelic,A,12,,,,,1
ON,[Cast],GiGaGaHell,A,12,,,,,1
ON,[LC],GIGANT,A,12,,,,,1
ON,[RESI],glacia,A,12,,,,,1
ON,[EPO],Glitch N Ride,A,12,,,,,1
ON,[SINO],Go Ahead!!,A,12,,,,,1
ON,[CS],Go Berzerk,A,12,,,,,1
ON,[EMP],Go Beyond!!,A,12,,,,,1
ON,[Root],GO OVER WITH GLARE?-ROOTAGE 26-,A,12,,,,,1
ON,[cop],GOBBLE,A,12,,,,,1
ON,[cop],GOBBLE(CS4th),A,12,,,,,1
ON,[Pink],God Mind,A,12,,,,,1
ON,[cop],Godspeed,A,12,,,,,1
ON,[SIR],GOLDEN CROSS,A,12,,,,,1
ON,[cop],Grand Chariot,A,12,,,,,1
ON,[PEN],Gravigazer,A,12,,,,,1
ON,[Cast],GRAVITON,A,12,,,,,1
ON,[GOLD],GRID KNIGHT,A,12,,,,,1
ON,[PEN],GUILTY,A,12,,,,,1
ON,[SINO],GuNGNiR,A,12,,,,,1
ON,[SINO],GuNGNiR,A,12,,,,,1
ON,[SINO],HADES,A,12,,,,,1
ON,[LC],HAERETICUS,A,12,,,,,1
ON,[Root],HARD BRAIN,A,12,,,,,1
ON,[Cast],hard-wired,A,12,,,,,1
ON,[RESI],Hat Surprise (Season 2),A,12,,,,,1
ON,[Pink],Here We Go Now,A,12,,,,,1
ON,[SPS],HEROES,A,12,,,,,1
ON,[cop],Highcharge Divolt,A,12,,,,,1
ON,[3rd],Holic,A,12,,,,,1
ON,[tri],Hollywood Galaxy,A,12,,,,,1
ON,[PEN],Hollywood Galaxy(DJ NAGAI Remix),A,12,,,,,1
ON,[tri],Holy Snow,A,12,,,,,1
ON,[Pink],hora de verdad,A,12,,,,,1
ON,[SPA],HYENA,A,12,,,,,1
ON,[CAN],HYPE THE CORE,A,12,,,,,1
ON,[CAN],HYPE THE CORE(CS10th),A,12,,,,,1
ON,[SPS],HyperTwist,A,12,,,,,1
ON,[RESI],I,A,12,,,,,1
ON,[SPA],I will be back-オレは帰ってきた-,A,12,,,,,1
ON,[DJT],ICARUS,A,12,,,,,1
ON,[DJT],ICARUS,A,12,,,,,1
ON,[SPA],Idola,A,12,,,,,1
ON,[HERO],If,A,12,,,,,1
ON,[BIS],Ignis†Iræ,A,12,,,,,1
ON,[tri],Illegal Function Call,A,12,,,,,1
ON,[CAN],Illusionary Waterlily,A,12,,,,,1
ON,[SPA],Immortal,A,12,,,,,1
ON,[PEN],IMPLANTATION,A,12,,,,,1
ON,[SKY],INAZUMA,A,12,,,,,1
ON,[SKY],INAZUMA,A,12,,,,,1
ON,[HERO],Inferno of Fomalhaut,A,12,,,,,1
ON,[LC],Infinite cave,A,12,,,,,1
ON,[EPO],INHERITANCE,A,12,,,,,1
ON,[CAN],Initiation,A,12,,,,,1
ON,[CS],Inner Spirit?-GIGA HiTECH MIX-,A,12,,,,,1
ON,[BIS],innocent revolver,A,12,,,,,1
ON,[10th],Innocent Walls,A,12,,,,,1
ON,[GOLD],INORI,A,12,,,,,1
ON,[SPA],INSOMNIA,A,12,,,,,1
ON,[PEN],Invitation from Mr.C,A,12,,,,,1
ON,[SPA],invoker,A,12,,,,,1
ON,[SPA],invoker,A,12,,,,,1
ON,[10th],JAM,A,12,,,,,1
ON,[CS],jelly kiss-Midihead's Smack Mix-,A,12,,,,,1
ON,[tri],JOMANDA,A,12,,,,,1
ON,[EPO],JUSTICE/GUILTY?feat. Nana Takahashi & 709sec.,A,12,,,,,1
ON,[RA],Kailua,A,12,,,,,1
ON,[RA],Kailua(HCN Ver.),A,12,,,,,1
ON,[SPA],KAISER PHOENIX,A,12,,,,,1
ON,[GOLD],KAMAITACHI,A,12,,,,,1
ON,[GOLD],KAMAITACHI,A,12,,,,,1
ON,[9th],Karma,A,12,,,,,1
ON,[Root],KILL EACH OTHER,A,12,,,,,1
ON,[RESI],KING,A,12,,,,,1
ON,[SPS],King of Tribe,A,12,,,,,1
ON,[RESI],kors k's How to make OTOGE CORE 「LONG」,A,12,,,,,1
ON,[EMP],Kung-fu Empire,A,12,,,,,1
ON,[LC],KYAMISAMA ONEGAI!,A,12,,,,,1
ON,[Root],L.F.O,A,12,,,,,1
ON,[8th],LAB,A,12,,,,,1
ON,[GOLD],LASER CRUSTER,A,12,,,,,1
ON,[HERO],LASER CRUSTER?(IGNITE REMIX),A,12,,,,,1
ON,[SPA],Last Dance,A,12,,,,,1
ON,[Root],Lethal Weapon,A,12,,,,,1
ON,[HERO],Level 2,A,12,,,,,1
ON,[BIS],Level 3,A,12,,,,,1
ON,[RESI],Level 4,A,12,,,,,1
ON,[EPO],Level 5,A,12,,,,,1
ON,[Root],Level One,A,12,,,,,1
ON,[tri],Liberation,A,12,,,,,1
ON,[CAN],"Life Is A Game ft.DD""ナカタ""Metal",A,12,,,,,1
ON,[HERO],LIGHTNING STRIKES,A,12,,,,,1
ON,[HERO],LIGHTNING STRIKES,A,12,,,,,1
ON,[Pink],Lightspeed,A,12,,,,,1
ON,[HERO],Like+it!,A,12,,,,,1
ON,[CS],LIMIT TOPPA REVOLUTION,A,12,,,,,1
ON,[SPS],Lisa-RICCIA,A,12,,,,,1
ON,[SPS],Lisa-RICCIA,A,12,,,,,1
ON,[SKY],Little Little Princess,A,12,,,,,1
ON,[tri],Little Star,A,12,,,,,1
ON,[Cast],LIVE DRIVING!! feat. 花たん,A,12,,,,,1
ON,[BIS],LOCUS OF THE TRAVEL,A,12,,,,,1
ON,[9th],Logic Board,A,12,,,,,1
ON,[HERO],Lords Of The Roundtable,A,12,,,,,1
ON,[HERO],Lost Souls,A,12,,,,,1
ON,[Root],LOST TECHNOLOGIE,A,12,,,,,1
ON,[RESI],LOUDER ROLLING THUNDER,A,12,,,,,1
ON,[10th],Love Is Eternity,A,12,,,,,1
ON,[10th],Love Is Eternity(CS10th),A,12,,,,,1
ON,[9th],lower world,A,12,,,,,1
ON,[PEN],Ludus In Tenebris,A,12,,,,,1
ON,[SPA],M.D.Injection,A,12,,,,,1
ON,[cop],M4K3 1T B0UNC3,A,12,,,,,1
ON,[Root],Mächö Mönky,A,12,,,,,1
ON,[SPS],Makin' It,A,12,,,,,1
ON,[SINO],Mare Nectaris,A,12,,,,,1
ON,[Pink],MARLIN,A,12,,,,,1
ON,[HERO],Matt Silver,A,12,,,,,1
ON,[7th],MAX 300,A,12,,,,,1
ON,[RESI],MAX 360,A,12,,,,,1
ON,[EPO],MAXIMUM CHEAT GIRL,A,12,,,,,1
ON,[BIS],MEGAERA,A,12,,,,,1
ON,[HERO],Megalara Garuda,A,12,,,,,1
ON,[RESI],Meissa,A,12,,,,,1
ON,[SPS],Memoria Obscura,A,12,,,,,1
ON,[DJT],MENDES,A,12,,,,,1
ON,[DJT],MENDES,A,12,,,,,1
ON,[Pink],Mid-Corner?(Magic Maker),A,12,,,,,1
ON,[EPO],Million Dollar,A,12,,,,,1
ON,[4th],minimalian,A,12,,,,,1
ON,[DD],MINT,A,12,,,,,1
ON,[CAN],Mira,A,12,,,,,1
ON,[SPA],Miracle 5ympho X,A,12,,,,,1
ON,[9th],moon_child,A,12,,,,,1
ON,[8th],murmur twins,A,12,,,,,1
ON,[Root],Necroxis Girl,A,12,,,,,1
ON,[6th],NEMESIS,A,12,,,,,1
ON,[tri],neu,A,12,,,,,1
ON,[RA],New Castle Legions,A,12,,,,,1
ON,[RA],New Castle Legions(AC Resort Anthem),A,12,,,,,1
ON,[DJT],NEW GENERATION-もう、お前しか見えない-,A,12,,,,,1
ON,[Root],Night! Night! Night!,A,12,,,,,1
ON,[PEN],Night sky,A,12,,,,,1
ON,[cop],Nightmare before oversleep,A,12,,,,,1
ON,[cop],NINJA IS DEAD?IIDX ver.,A,12,,,,,1
ON,[CAN],NITROUS CANNON,A,12,,,,,1
ON,[LC],NNRT,A,12,,,,,1
ON,[RESI],No Border,A,12,,,,,1
ON,[10th],No.13,A,12,,,,,1
ON,[Pink],NOIXIA,A,12,,,,,1
ON,[cop],NZM,A,12,,,,,1
ON,[CAN],O/D*20,A,12,,,,,1
ON,[RESI],ONE AND ONLY,A,12,,,,,1
ON,[Cast],One for All,A,12,,,,,1
ON,[10th],One More Lovely,A,12,,,,,1
ON,[9th],one or eight,A,12,,,,,1
ON,[Root],ONIGOROSHI,A,12,,,,,1
ON,[CS],onslaught,A,12,,,,,1
ON,[GOLD],op.31 叙情,A,12,,,,,1
ON,[DJT],oratio,A,12,,,,,1
ON,[HERO],ORCA,A,12,,,,,1
ON,[SINO],OTENAMI Hurricane,A,12,,,,,1
ON,[BIS],OTOKOZAKA,A,12,,,,,1
ON,[EPO],Out of Control,A,12,,,,,1
ON,[HERO],Override,A,12,,,,,1
ON,[Root],Painful Fate,A,12,,,,,1
ON,[CAN],Papilio ulysses,A,12,,,,,1
ON,[RA],PARADISE LOST,A,12,,,,,1
ON,[DJT],PARANOiA ~HADES~,A,12,,,,,1
ON,[BIS],Pārvatī,A,12,,,,,1
ON,[RESI],Peaktime Booster,A,12,,,,,1
ON,[RA],perditus†paradisus,A,12,,,,,1
ON,[SPS],PERFECT GREAT!!,A,12,,,,,1
ON,[CAN],Persephone,A,12,,,,,1
ON,[LC],Phoenix,A,12,,,,,1
ON,[Pink],Pinky Happy Crazy,A,12,,,,,1
ON,[tri],Plan 8,A,12,,,,,1
ON,[Cast],PLASMA SOUL NIGHT?feat. Nana Takahashi / 709sec.,A,12,,,,,1
ON,[Pink],Plazma,A,12,,,,,1
ON,[CS],Pluto,A,12,,,,,1
ON,[BIS],POL?AMAИIA,A,12,,,,,1
ON,[SKY],POODLE,A,12,,,,,1
ON,[cop],POSSESSION,A,12,,,,,1
ON,[HERO],Primitive Vibes,A,12,,,,,1
ON,[tri],Proof of the existence,A,12,,,,,1
ON,[EMP],Punch Love ? 仮面,A,12,,,,,1
ON,[SPA],PUNISHER,A,12,,,,,1
ON,[Cast],Push on Beats!~音ゲの国のeX-ストリーマー~,A,12,,,,,1
ON,[Cast],Purple Perplex,A,12,,,,,1
ON,[5th],QQQ,A,12,,,,,1
ON,[SINO],Quakes,A,12,,,,,1
ON,[LC],QUANTUM TELEPORTATION,A,12,,,,,1
ON,[LC],QUANTUM TELEPORTATION,A,12,,,,,1
ON,[9th],quasar,A,12,,,,,1
ON,[LC],quaver♪,A,12,,,,,1
ON,[SIR],quell~the seventh slave~,A,12,,,,,1
ON,[SPA],ra'am,A,12,,,,,1
ON,[SKY],rage against usual,A,12,,,,,1
ON,[Cast],RAGE feat.H14 of LEONAIR,A,12,,,,,1
ON,[SINO],RAIN,A,12,,,,,1
ON,[SPA],rainbow guitar weeps,A,12,,,,,1
ON,[SIR],Raison d'être~交差する宿命~,A,12,,,,,1
ON,[SPS],RALLY '25,A,12,,,,,1
ON,[CAN],Rampage,A,12,,,,,1
ON,[CAN],Raspberry Railgun,A,12,,,,,1
ON,[SINO],Rave Cannon,A,12,,,,,1
ON,[PEN],Rave*it!! Rave*it!!,A,12,,,,,1
ON,[HERO],Rave Patroller,A,12,,,,,1
ON,[RED],RED ZONE,A,12,,,,,1
ON,[SIR],Red. by Full Metal Jacket,A,12,,,,,1
ON,[Root],Red. by Jack Trance,A,12,,,,,1
ON,[CS],REFLEXES MANIPULATION,A,12,,,,,1
ON,[PEN],Reflux,A,12,,,,,1
ON,[PEN],Reflux,A,12,,,,,1
ON,[cop],refrain,A,12,,,,,1
ON,[SPS],Regina vespaE,A,12,,,,,1
ON,[CS],Remain,A,12,,,,,1
ON,[EPO],Resonant,A,12,,,,,1
ON,[RA],reunion,A,12,,,,,1
ON,[CAN],REVOLVER,A,12,,,,,1
ON,[RESI],RINИE,A,12,,,,,1
ON,[9th],RISLIM-Remix-,A,12,,,,,1
ON,[SPA],RIZING YOU UP,A,12,,,,,1
ON,[SPS],RIZING-GAMERS.,A,12,,,,,1
ON,[Pink],Roar of Chronos,A,12,,,,,1
ON,[6th],route 80s,A,12,,,,,1
ON,[6th],route 80s(CS6th),A,12,,,,,1
ON,[BIS],Rubrum Piano,A,12,,,,,1
ON,[sub],RUGGED ASH,A,12,,,,,1
ON,[Root],ruin of opals,A,12,,,,,1
ON,[SPS],RUINA,A,12,,,,,1
ON,[tri],rumrum triplets,A,12,,,,,1
ON,[RA],SABER WING,A,12,,,,,1
ON,[RA],sakura storm,A,12,,,,,1
ON,[SINO],SAMURAI-Scramble,A,12,,,,,1
ON,[Pink],Satellite Burst,A,12,,,,,1
ON,[DJT],"satellite020712?from ""CODED ARMS""",A,12,,,,,1
ON,[DJT],"satellite020712?from ""CODED ARMS""(CS10th)",A,12,,,,,1
ON,[tri],Saturn,A,12,,,,,1
ON,[PEN],Say YEEEAHH,A,12,,,,,1
ON,[SKY],SCREAM SQUAD,A,12,,,,,1
ON,[HERO],SCREW // owo // SCREW,A,12,,,,,1
ON,[SKY],Scripted Connection⇒?A mix,A,12,,,,,1
ON,[SKY],Scripted Connection⇒?H mix,A,12,,,,,1
ON,[EMP],Secrets,A,12,,,,,1
ON,[cop],SEITEN NO TERIYAKI,A,12,,,,,1
ON,[GOLD],Sense 2007,A,12,,,,,1
ON,[GOLD],Sense 2007,A,12,,,,,1
ON,[SINO],SEQUENCE CAT,A,12,,,,,1
ON,[LC],Session 12-Esther-,A,12,,,,,1
ON,[RA],Session 9-Chronicles-,A,12,,,,,1
ON,[EPO],Seven Times Four,A,12,,,,,1
ON,[SINO],Shoot'Em All,A,12,,,,,1
ON,[PEN],Shooting Fireball,A,12,,,,,1
ON,[Root],SIGMA,A,12,,,,,1
ON,[SPA],Sigmund,A,12,,,,,1
ON,[SPA],Sigmund,A,12,,,,,1
ON,[Cast],Silver Bullet,A,12,,,,,1
ON,[BIS],Sinus Iridum,A,12,,,,,1
ON,[EPO],Sirius,A,12,,,,,1
ON,[Pink],SISYPHUS,A,12,,,,,1
ON,[Pink],Skratch Education Lv-1,A,12,,,,,1
ON,[Cast],Skreaming for Salvation,A,12,,,,,1
ON,[SINO],Sky High,A,12,,,,,1
ON,[CAN],Slipstream,A,12,,,,,1
ON,[Cast],Smalt #28598F,A,12,,,,,1
ON,[HERO],Smashing Wedge,A,12,,,,,1
ON,[GOLD],smile,A,12,,,,,1
ON,[LC],Snake Stick,A,12,,,,,1
ON,[SINO],Snakey Kung-fu,A,12,,,,,1
ON,[GOLD],snow storm,A,12,,,,,1
ON,[tri],Sol Cosine Job 2,A,12,,,,,1
ON,[EPO],SOLAR ECLIPSE,A,12,,,,,1
ON,[SIR],SOLID STATE SQUAD,A,12,,,,,1
ON,[SIR],SOLID STATE SQUAD,A,12,,,,,1
ON,[BIS],SOLID STATE SQUAD?-RISEN RELIC REMIX-,A,12,,,,,1
ON,[Cast],SOLID WYVERN,A,12,,,,,1
ON,[RESI],Somnidiscotheque,A,12,,,,,1
ON,[PEN],Sounds Of Summer,A,12,,,,,1
ON,[SPS],Space Battleship S4TØ,A,12,,,,,1
ON,[PEN],SpaceLand☆TOYBOX,A,12,,,,,1
ON,[RA],SPECIAL SUMMER CAMPAIGN!,A,12,,,,,1
ON,[RED],Sphere,A,12,,,,,1
ON,[7th],Spica,A,12,,,,,1
ON,[RED],spiral galaxy,A,12,,,,,1
ON,[CS],Spirit of the Beast,A,12,,,,,1
ON,[cop],STARLIGHT DANCEHALL,A,12,,,,,1
ON,[4th],starmine,A,12,,,,,1
ON,[DJT],State Of The Art,A,12,,,,,1
ON,[DJT],State Of The Art(CS DJ TROOPERS),A,12,,,,,1
ON,[CS],STAY GOLD,A,12,,,,,1
ON,[DJT],STEEL NEEDLE,A,12,,,,,1
ON,[SPA],Stella Sinistra,A,12,,,,,1
ON,[EPO],Stereo Beasts,A,12,,,,,1
ON,[7th],stoic,A,12,,,,,1
ON,[cop],StrayedCatz,A,12,,,,,1
ON,[tri],STULTI,A,12,,,,,1
ON,[RESI],Stylus,A,12,,,,,1
ON,[EPO],Submerge Serenade,A,12,,,,,1
ON,[Pink],SμG@R RU$#,A,12,,,,,1
ON,[6th],Summer Vacation(CU mix),A,12,,,,,1
ON,[SINO],Summerlights(IIDX Edition),A,12,,,,,1
ON,[cop],Super Duper Racers,A,12,,,,,1
ON,[RESI],Super Freak,A,12,,,,,1
ON,[SINO],Super Rush,A,12,,,,,1
ON,[RESI],suspicions,A,12,,,,,1
ON,[SINO],Sweet Clapper,A,12,,,,,1
ON,[4th],SWEET LAB,A,12,,,,,1
ON,[4th],SWEET LAB(AC 4th),A,12,,,,,1
ON,[EPO],Sword of Vengeance,A,12,,,,,1
ON,[CS],symptom,A,12,,,,,1
ON,[tri],SYNC-ANTHEM,A,12,,,,,1
ON,[HERO],T-REX vs Velociraptor?(In the Far east euphoria),A,12,,,,,1
ON,[EPO],T.R.O.L.L.,A,12,,,,,1
ON,[HERO],TECHNO Style Essentials,A,12,,,,,1
ON,[RESI],TECHNOPHOBIA,A,12,,,,,1
ON,[RA],THE BLACK KNIGHT,A,12,,,,,1
ON,[HERO],THE BRAVE MUST DIE,A,12,,,,,1
ON,[CAN],THE CANNONBALLER,A,12,,,,,1
ON,[CAN],The Chase,A,12,,,,,1
ON,[RESI],The Clown of 24stairs,A,12,,,,,1
ON,[Root],THE DAY OF JUBILATIONS,A,12,,,,,1
ON,[DJT],THE DEEP STRIKER,A,12,,,,,1
ON,[HERO],THE F∀UST,A,12,,,,,1
ON,[EPO],The Last Apocalypse,A,12,,,,,1
ON,[PEN],The Least 100sec,A,12,,,,,1
ON,[LC],The Limbo,A,12,,,,,1
ON,[LC],The Limbo,A,12,,,,,1
ON,[EPO],The Onlyonez,A,12,,,,,1
ON,[BIS],THE PEERLESS UNDER HEAVEN,A,12,,,,,1
ON,[Root],The Rebellion of Sequencer,A,12,,,,,1
ON,[LC],The Sampling Paradise,A,12,,,,,1
ON,[DJT],the trigger of innocence,A,12,,,,,1
ON,[tri],Thor's Hammer,A,12,,,,,1
ON,[EMP],thunder?HOUSE NATION Remix,A,12,,,,,1
ON,[PEN],TIEFSEE,A,12,,,,,1
ON,[BIS],Tiempo Loco,A,12,,,,,1
ON,[DJT],Time to Air,A,12,,,,,1
ON,[tri],Time To Empress,A,12,,,,,1
ON,[tri],Timepiece phase II,A,12,,,,,1
ON,[tri],Timepiece phase II(CN Ver.),A,12,,,,,1
ON,[LC],TITANS RETURN,A,12,,,,,1
ON,[LC],Todestrieb,A,12,,,,,1
ON,[SINO],TOGAKUSHI,A,12,,,,,1
ON,[Cast],TOMAHAWK,A,12,,,,,1
ON,[PEN],TOXIC VIBRATION,A,12,,,,,1
ON,[Root],ToyCube Pf.(RX-Ver.S.P.L.),A,12,,,,,1
ON,[GOLD],TRANOID,A,12,,,,,1
ON,[GOLD],TRANOID,A,12,,,,,1
ON,[Root],Trill auf G,A,12,,,,,1
ON,[cop],Triple Counter,A,12,,,,,1
ON,[Cast],Triple Cross,A,12,,,,,1
ON,[DD],tripping contact(teranoid&MC Natsack Remix),A,12,,,,,1
ON,[HERO],TRIUMPH,A,12,,,,,1
ON,[DJT],TROOPERS,A,12,,,,,1
ON,[tri],True Blue,A,12,,,,,1
ON,[CS],TSAR BOMBA,A,12,,,,,1
ON,[SKY],Twelfth Style,A,12,,,,,1
ON,[Pink],u gotta beat,A,12,,,,,1
ON,[Pink],Uaigh Gealaí,A,12,,,,,1
ON,[DJT],Übertreffen,A,12,,,,,1
ON,[SINO],Umbral,A,12,,,,,1
ON,[Root],Unbelief,A,12,,,,,1
ON,[SPS],UNDO THE NIGHT,A,12,,,,,1
ON,[SPA],Unicorn tail,A,12,,,,,1
ON,[CAN],Usual Days-remix,A,12,,,,,1
ON,[tri],Valanga,A,12,,,,,1
ON,[GOLD],VANESSA,A,12,,,,,1
ON,[GOLD],VANESSA,A,12,,,,,1
ON,[SPA],Verflucht,A,12,,,,,1
ON,[SPA],Verflucht,A,12,,,,,1
ON,[EPO],Vermilion Carol,A,12,,,,,1
ON,[HERO],Vinculum stellarum,A,12,,,,,1
ON,[cop],Violet Pulse,A,12,,,,,1
ON,[BIS],Viridian,A,12,,,,,1
ON,[Root],Visterhv,A,12,,,,,1
ON,[BIS],Vitrum,A,12,,,,,1
ON,[RESI],VØID,A,12,,,,,1
ON,[RESI],VOLAQUAS,A,12,,,,,1
ON,[Root],voltississimo,A,12,,,,,1
ON,[SPA],Votum stellarum-Hommarju Remix-,A,12,,,,,1
ON,[CAN],VOX RUSH,A,12,,,,,1
ON,[SPA],VOX UP,A,12,,,,,1
ON,[SPA],VOX UP(CS DJ TROOPERS),A,12,,,,,1
ON,[EPO],Vulnerability,A,12,,,,,1
ON,[DJT],Wanna Party?,A,12,,,,,1
ON,[DD],waxing and wanding,A,12,,,,,1
ON,[PEN],We're so Happy(P*Light Remix) IIDX ver.,A,12,,,,,1
ON,[cop],Welcome,A,12,,,,,1
ON,[CS],Welcome to the Mosh Pit,A,12,,,,,1
ON,[Cast],WHA,A,12,,,,,1
ON,[Pink],Without Heaven,A,12,,,,,1
ON,[LC],WONDER WALKER,A,12,,,,,1
ON,[cop],X,A,12,,,,,1
ON,[EPO],Xb10r,A,12,,,,,1
ON,[RESI],Xerulean,A,12,,,,,1
ON,[Pink],XHRONOXAPSULΞ,A,12,,,,,1
ON,[Root],Xlø,A,12,,,,,1
ON,[CAN],Xperanza,A,12,,,,,1
ON,[EMP],Y&Co. is dead or alive,A,12,,,,,1
ON,[EMP],Y&Co. is dead or alive(CS EMPRESS),A,12,,,,,1
ON,[LC],YAKSHA,A,12,,,,,1
ON,[tri],YELLOW FROG?from Steel Chronicle,A,12,,,,,1
ON,[LC],yellow head joe,A,12,,,,,1
ON,[HERO],Ypsilon,A,12,,,,,1
ON,[tri],ZED,A,12,,,,,1
ON,[cop],ZEPHYRANTHES,A,12,,,,,1
ON,[RA],ZETA~素数の世界と超越者~,A,12,,,,,1
ON,[tri],Zirkfied,A,12,,,,,1
ON,[PEN],ZZ,A,12,,,,,1
ON,[Pink],1116,A,12,,,,,1
ON,[cop],199024club -Re:BounceKiller-,A,12,,,,,1
ON,[10th],1st Samurai,A,12,,,,,1
ON,[SPS],2 Be Continued,A,12,,,,,1
ON,[Cast],2 Beasts Unchained,A,12,,,,,1
ON,[RESI],24h Endurance Race,A,12,,,,,1
ON,[CAN],255,A,12,,,,,1
ON,[HERO],27th style,A,12,,,,,1
ON,[BIS],3!dolon Forc3,A,12,,,,,1
ON,[EMP],3y3s,A,12,,,,,1
ON,[CS],3y3s (Long ver.),A,12,,,,,1
ON,[RESI],[ ]DENTITY,A,12,,,,,1
ON,[cop],紫陽花 -AZISAI-,A,12,,,,,1
ON,[cop],紫陽花 -AZISAI-,A,12,,,,,1
ON,[tri],アストライアの双皿,A,12,,,,,1
ON,[Cast],天邪鬼,A,12,,,,,1
ON,[Pink],アラビアン ハイパー ナイト,A,12,,,,,1
ON,[Pink],u?n,A,12,,,,,1
ON,[SPS],ιgniЯRuina,A,12,,,,,1
ON,[SINO],イザナミノナゲキ,A,12,,,,,1
ON,[SPS],色を喪った街,A,12,,,,,1
ON,[RESI],栄冠のカンパネラ,A,12,,,,,1
ON,[SPA],ÆTHER,A,12,,,,,1
ON,[cop],駅猫のワルツ,A,12,,,,,1
ON,[tri],ΕΛΠΙΣ,A,12,,,,,1
ON,[tri],ΕΛΠΙΣ,A,12,,,,,1
ON,[SINO],焔極OVERKILL,A,12,,,,,1
ON,[RESI],Ōu Legends,A,12,,,,,1
ON,[Root],お菓子の王国,A,12,,,,,1
ON,[Root],お菓子の王国,A,12,,,,,1
ON,[tri],お米の美味しい炊き方、そしてお米を食べることによるその効果。,A,12,,,,,1
ON,[PEN],鬼天,A,12,,,,,1
ON,[HERO],俺ら東京さ行ぐだ,A,12,,,,,1
ON,[tri],音楽,A,12,,,,,1
ON,[Root],Χ-DEN,A,12,,,,,1
ON,[LC],蛇神,A,12,,,,,1
ON,[7th],革命,A,12,,,,,1
ON,[7th],革命,A,12,,,,,1
ON,[DD],カゴノトリ~弐式~,A,12,,,,,1
ON,[tri],カジノファイヤーことみちゃん,A,12,,,,,1
ON,[tri],仮想空間の旅人たち,A,12,,,,,1
ON,[DD],華蝶風雪,A,12,,,,,1
ON,[DD],華蝶風雪,A,12,,,,,1
ON,[HERO],がっつり陰キャ!?怪盗いいんちょの億劫^^;,A,12,,,,,1
ON,[RESI],神っぽいな,A,12,,,,,1
ON,[RESI],神のシナリオ,A,12,,,,,1
ON,[RESI],#CMFLG,A,12,,,,,1
ON,[HERO],華麗なる大犬円舞曲,A,12,,,,,1
ON,[CS],鬼華-修羅の舞-,A,12,,,,,1
ON,[LC],君のハートにロックオン,A,12,,,,,1
ON,[tri],キャトられ?恋はモ~モク,A,12,,,,,1
ON,[CS],キヤロラ衛星の軌跡,A,12,,,,,1
ON,[SINO],九尾狐夜行,A,12,,,,,1
ON,[PEN],共鳴遊戯の華,A,12,,,,,1
ON,[BIS],閠槞彁の願い,A,12,,,,,1
ON,[Cast],グッバイ宣言,A,12,,,,,1
ON,[tri],狂イ咲ケ焔ノ華,A,12,,,,,1
ON,[SPS],クレッシェンド,A,12,,,,,1
ON,[RA],黒髪乱れし修羅となりて,A,12,,,,,1
ON,[CS],恋歌疾風！かるたクイーンいろは,A,12,,,,,1
ON,[LC],恋する☆宇宙戦争っ!!,A,12,,,,,1
ON,[LC],恋する☆宇宙戦争っ!!,A,12,,,,,1
ON,[CS],光風霽月,A,12,,,,,1
ON,[LC],子供の落書き帳,A,12,,,,,1
ON,[EPO],今宵、ロマンス横丁。,A,12,,,,,1
ON,[Root],金野火織の金色提言,A,12,,,,,1
ON,[Root],最小三倍完全数,A,12,,,,,1
ON,[Cast],逆月,A,12,,,,,1
ON,[8th],桜,A,12,,,,,1
ON,[cop],炸裂！イェーガー電光チョップ!!(JAEGER FINAL ATTACK),A,12,,,,,1
ON,[cop],炸裂！イェーガー電光チョップ!!(CS9th),A,12,,,,,1
ON,[PEN],#The_Relentless,A,12,,,,,1
ON,[RESI],≡＋≡,A,12,,,,,1
ON,[EPO],残像ニ繋ガレタ追憶ノHIDEAWAY,A,12,,,,,1
ON,[CS],ジオメトリック∮ティーパーティー,A,12,,,,,1
ON,[SPA],疾風迅雷,A,12,,,,,1
ON,[SPA],疾風迅雷,A,12,,,,,1
ON,[CAN],シムルグの目醒め,A,12,,,,,1
ON,[SINO],〆,A,12,,,,,1
ON,[cop],灼熱 Pt.2 Long Train Running,A,12,,,,,1
ON,[RA],灼熱Beach Side Bunny,A,12,,,,,1
ON,[EPO],"灼熱Beach Side Bunny(かめりあ's ""Summertime D'n'B"" Remix)",A,12,,,,,1
ON,[Pink],灼熱 Lost Summer Dayz,A,12,,,,,1
ON,[EPO],終焔のClaudia,A,12,,,,,1
ON,[CS],終末を追う者,A,12,,,,,1
ON,[tri],シュレーディンガーの猫,A,12,,,,,1
ON,[CS],情熱タンデムRUNAWAY,A,12,,,,,1
ON,[DJT],少年A,A,12,,,,,1
ON,[PEN],少年は空を辿る,A,12,,,,,1
ON,[HERO],深淵に捧ぐレクイエム,A,12,,,,,1
ON,[CAN],神謳?-RESONANCE-,A,12,,,,,1
ON,[cop],真 地獄超特急 -HELL or HELL-,A,12,,,,,1
ON,[BIS],新宝島,A,12,,,,,1
ON,[BIS],水鏡の異界,A,12,,,,,1
ON,[BIS],スーパー戦湯ババンバーン,A,12,,,,,1
ON,[Pink],スキッテイエェエエェ!!!!,A,12,,,,,1
ON,[Pink],スパークリング☆彡ハイパーチューン！！,A,12,,,,,1
ON,[LC],聖人の塔,A,12,,,,,1
ON,[LC],聖人の塔,A,12,,,,,1
ON,[BIS],世界の果てに約束の凱歌を?-ReUnion-,A,12,,,,,1
ON,[10th],雪月花,A,12,,,,,1
ON,[10th],雪月花(CS10th),A,12,,,,,1
ON,[Cast],雪上断火,A,12,,,,,1
ON,[HERO],セピアの軌跡 ft. 天宮みや(少女フラクタル),A,12,,,,,1
ON,[PEN],千年ノ理,A,12,,,,,1
ON,[PEN],千年ノ理,A,12,,,,,1
ON,[SPA],旋律のドグマ~Misérables~,A,12,,,,,1
ON,[RESI],ぞうしょく！？マイデンティティ,A,12,,,,,1
ON,[tri],即席！脳直★ミュージックシステム,A,12,,,,,1
ON,[CS],天泣,A,12,,,,,1
ON,[PEN],それは花火のような恋,A,12,,,,,1
ON,[BIS],∀,A,12,,,,,1
ON,[Root],泰東ノ翠霞,A,12,,,,,1
ON,[Root],泰東ノ翠霞(CS10th),A,12,,,,,1
ON,[Root],抱きしめてモナムール,A,12,,,,,1
ON,[CS],多極性ニューロンの崩壊による人間の末路,A,12,,,,,1
ON,[RA],旅人リラン,A,12,,,,,1
ON,[tri],たまゆら,A,12,,,,,1
ON,[RESI],ちょえちょえまぎか,A,12,,,,,1
ON,[PEN],超青少年ノ為ノ超多幸ナ超古典的超舞曲,A,12,,,,,1
ON,[PEN],超青少年ノ為ノ超多幸ナ超古典的超舞曲,A,12,,,,,1
ON,[SINO],津軽雪,A,12,,,,,1
ON,[BIS],ディスコルディア,A,12,,,,,1
ON,[Cast],デモーニッシュ,A,12,,,,,1
ON,[LC],天空の夜明け,A,12,,,,,1
ON,[EPO],電光,A,12,,,,,1
ON,[Pink],天使のカンタータ?-Cantata of Angels-,A,12,,,,,1
ON,[PEN],Ｘ↑Ｘ↓,A,12,,,,,1
ON,[GOLD],電人、暁に斃れる。,A,12,,,,,1
ON,[EPO],電腦都市,A,12,,,,,1
ON,[CS],ドゥサンコオデッセイ!!,A,12,,,,,1
ON,[CAN],東京神話,A,12,,,,,1
ON,[CAN],東京神話,A,12,,,,,1
ON,[SINO],童話回廊,A,12,,,,,1
ON,[SPA],轟け！恋のビーンボール！！,A,12,,,,,1
ON,[tri],トリカゴノ鳳凰,A,12,,,,,1
ON,[SPA],IX,A,12,,,,,1
ON,[tri],†渚の小悪魔ラヴリィ~レイディオ†(IIDX EDIT),A,12,,,,,1
ON,[DD],嘆きの樹,A,12,,,,,1
ON,[PEN],夏色DIARY?- L.E.D.-G STYLE MIX -,A,12,,,,,1
ON,[SPA],廿,A,12,,,,,1
ON,[Cast],ハイテックトキオ,A,12,,,,,1
ON,[RESI],儚キ戀ノ幻想譚,A,12,,,,,1
ON,[BIS],伐折羅-vajra-,A,12,,,,,1
ON,[SINO],刃図羅,A,12,,,,,1
ON,[BIS],バッド・スイーツ、バッド・ドリーム,A,12,,,,,1
ON,[DJT],華爛漫-Flowers-,A,12,,,,,1
ON,[SPA],バンブーソード・ガール,A,12,,,,,1
ON,[RED],"ピアノ協奏曲第１番""蠍火""",A,12,,,,,1
ON,[HERO],"ピアノ協奏曲第１番""蠍火""?(BlackY Remix)",A,12,,,,,1
ON,[Cast],"ピアノ独奏無言歌 ""灰燼""",A,12,,,,,1
ON,[SINO],焱影,A,12,,,,,1
ON,[SPS],ビビッド ☆＋＊。キラキライム,A,12,,,,,1
ON,[EMP],卑弥呼,A,12,,,,,1
ON,[EMP],卑弥呼,A,12,,,,,1
ON,[PEN],表裏一体!?怪盗いいんちょの悩み?,A,12,,,,,1
ON,[PEN],表裏一体!?怪盗いいんちょの悩み?,A,12,,,,,1
ON,[EPO],フォニイ,A,12,,,,,1
ON,[BIS],二人ノ廃城幽踊宴,A,12,,,,,1
ON,[SPS],???( ˙?˙ )??? beyond reason,A,12,,,,,1
ON,[EPO],《PL|RAYER》,A,12,,,,,1
ON,[SPS],ベンガル vs. アムール Battle,A,12,,,,,1
ON,[Cast],烽火連天の刃,A,12,,,,,1
ON,[CS],ポチコの幸せな日常,A,12,,,,,1
ON,[BIS],-65℃,A,12,,,,,1
ON,[EPO],摩天楼,A,12,,,,,1
ON,[BIS],魔法のかくれんぼ,A,12,,,,,1
ON,[EPO],未完成ノ蒸氣驅動乙女,A,12,,,,,1
ON,[Cast],禊,A,12,,,,,1
ON,[EMP],ミッドナイト堕天使,A,12,,,,,1
ON,[EMP],ミッドナイト堕天使(CS EMPRESS),A,12,,,,,1
ON,[CS],見習い天使と星降りの丘,A,12,,,,,1
ON,[Cast],ミュージック・アワー,A,12,,,,,1
ON,[DJT],ミラージュ･レジデンス,A,12,,,,,1
ON,[HERO],魅惑のYUMMYスイーツ,A,12,,,,,1
ON,[SKY],冥,A,12,,,,,1
ON,[cop],めいさいアイドル☆あいむちゃん♪,A,12,,,,,1
ON,[LC],ユミル,A,12,,,,,1
ON,[SPS],ラブコメトキドキシリアス,A,12,,,,,1
ON,[Root],龍王の霊廟(Mausoleum Of The Primal Dragon),A,12,,,,,1
ON,[tri],龍と少女とデコヒーレンス,A,12,,,,,1
ON,[PEN],リリーゼと炎龍レーヴァテイン,A,12,,,,,1
ON,[EMP],凛として咲く花の如く,A,12,,,,,1
ON,[RESI],恋愛=精度×認識力,A,12,,,,,1
ON,[SPA],煉獄のエルフェリア,A,12,,,,,1
ON,[EPO],惑星鉄道,A,12,,,,,1
ON,[SPA],海神,A,12,,,,,1
ON,[SPA],海神,A,12,,,,,1
ON,[SIR],"ワルツ第17番 ト短調""大犬のワルツ""",A,12,,,,,1
